{
    "distortions": [
        0.08310972297614412,
        0.04865375381955774,
        9.663350167846417e-05,
        0.0006381717173257112,
        -0.7071956274595445
    ],
    "img_height": 720,
    "img_width": 1280,
    "intrinsics": [
        [
            920.3178279976601,
            0.0,
            656.485331501265
        ],
        [
            0.0,
            920.53935534741,
            355.3716308067854
        ],
        [
            0.0,
            0.0,
            1.0
        ]
    ]
}