{
    "distortions": [
        -0.05487591620939949,
        0.059367682169028976,
        -0.0012322626428447354,
        -0.000523276217887166,
        -0.016971841311135865
    ],
    "img_height": 720,
    "img_width": 1280,
    "intrinsics": [
        [
            634.7448824503828,
            0.0,
            634.9003409478452
        ],
        [
            0.0,
            634.5650918046596,
            369.51742069006946
        ],
        [
            0.0,
            0.0,
            1.0
        ]
    ]
}