{
    "distortions": [
        0.060120246932669416,
        0.26558116263014875,
        -0.000609775950223306,
        -0.0016445042585901553,
        -1.2074024130359233
    ],
    "img_height": 1080,
    "img_width": 1920,
    "intrinsics": [
        [
            1379.3710288585355,
            0.0,
            979.7605246459347
        ],
        [
            0.0,
            1380.162100195795,
            530.8266328242378
        ],
        [
            0.0,
            0.0,
            1.0
        ]
    ]
}